5BDAE0B2-A18E-282F-3FA4-B0AA7D8B2284,metus sit amet ante.,2021-09-26 10:02:41,2022-01-06 14:19:33
786BE55E-85E7-2B5C-D834-9BA85B407F1A,lacusEtiam,2022-06-26 16:53:39,2022-01-25 00:19:13
17C7B066-634D-E6D0-2715-89524229CC8B,nisl elementum purus,2022-03-09 05:06:07,2021-09-12 05:59:30
248E1931-1BED-8F63-847E-A67482A10550,mauris sagittis placeratCras dictum,2022-02-05 17:47:34,2022-12-02 06:57:25
B39A806D-AD08-4DBF-867D-37FEE7EAE418,augue ac,2023-04-13 04:40:04,2023-05-30 04:49:37
C4D12C81-A34A-C136-4E94-AEA73C01E538,amagnaLorem ipsum,2022-02-04 17:38:07,2021-10-11 20:50:48
96AEADAC-4C4D-94BF-0F9F-63B6CB199921,enim consequat,2023-02-14 22:18:41,2023-06-26 10:32:04
8F767E29-7392-C795-3CD7-6AB7D6876EBA,sedhendrerit,2023-02-22 06:34:22,2023-06-13 08:07:04
7A512C83-9B10-A58B-92C7-F3E1B9043CC9,pellentesque massa,2022-09-21 19:20:48,2023-01-19 13:54:50
680C311E-727C-A626-DB25-3FA9AA5ACA6D,egetvenenatis a,2022-03-10 14:10:53,2022-10-02 14:37:28
8770684C-954E-7736-68F6-A3CA3C993171,Fusce dolor quamelementum,2022-07-25 14:05:30,2022-04-03 04:35:46
1129A8AE-4559-E432-6426-0DD44D1A9EDE,enim,2022-08-17 01:12:00,2023-02-08 23:05:48
780C5554-1BF2-723B-D8EB-808499846A6A,Nullam vitae,2021-09-05 10:54:14,2021-10-13 18:54:07
08DBB45D-7891-7E9C-4826-C843544F932A,neque,2021-10-05 08:54:44,2021-08-01 10:51:16
695DC6F1-9A54-6D25-7F87-4E9B83DEA232,ut cursus,2022-05-07 08:49:06,2023-02-23 09:24:44
8CDD1D23-2359-E5DB-C6DC-7E7538304C13,neque tellusimperdiet,2023-01-15 20:44:12,2022-02-08 03:25:30
1561E5D8-4975-7B39-8999-59C2442B8438,Phasellus at augue id ante,2023-03-30 12:21:25,2022-09-13 12:36:36
9BAA5487-45AE-7C24-6A95-C481ED6B57AA,eget nisi dictum,2023-03-12 01:03:49,2022-03-08 15:31:25
B28CBAD4-EA25-60FA-B11B-39342340A143,Morbi metusVivamus euismod urna.,2022-01-09 17:10:38,2022-06-10 13:12:52
118B7E0E-6C18-1476-5FC3-E2C846B24283,mattis ornarelectus,2021-07-31 05:26:15,2022-11-09 01:35:33
519C39ED-5927-94C7-14AE-2253B9C29C59,Morbi,2022-03-12 15:56:20,2022-07-27 18:47:55
559BBE55-AD5C-EAB0-A16B-6439214AE899,Fusce aliquet,2022-03-17 06:32:43,2022-01-21 04:10:49
A682EE8B-7CB4-E8AA-D7B2-4EF72216477E,ipsum,2022-03-03 06:11:11,2022-08-29 04:09:43
3E03FA35-2359-9A9E-AA47-E9E528B48817,tellus.,2022-08-27 22:53:33,2022-12-02 02:48:46
63A18328-BEAC-C112-009E-042DA5C9ECA5,ridiculus mus.,2021-10-21 00:47:54,2022-01-11 23:28:55
5042379A-2D36-5C52-366C-65501B8F5279,malesuada velconvallis in,2022-10-12 08:54:22,2022-02-11 17:04:52
BC7EDA74-C763-58B2-78B9-CB80359613C3,Proin vel nislQuisque,2021-08-07 14:41:53,2021-07-01 11:48:30
678A1476-33FE-59B6-995D-CF8414927838,erat vel,2023-03-31 21:51:16,2022-10-30 00:11:57
7B84E611-29A6-BD57-BD63-5C6DB7A17692,Nullam enimSed,2022-05-11 14:41:36,2021-07-21 07:02:00
93A36A5E-D868-4746-AE27-9DF1114D6C0D,fringilla ornare placeratorci lacus,2022-12-19 02:38:44,2022-01-05 15:37:04
6122A438-617B-C409-D8A9-BF371C34DD69,viverra.,2022-01-25 02:45:29,2021-10-27 00:29:42
C83531A1-5D51-BED1-15AD-7908E89C7C71,non,2022-07-10 12:06:51,2023-01-09 20:36:52
130C3E33-97E7-4C19-6E69-50A83B56D086,lorem,2022-05-22 06:07:41,2021-12-19 17:56:37
D7276C77-B95D-76E4-32CE-41289776DD6D,ante ipsum primis in faucibus,2022-02-09 16:51:40,2023-05-04 21:54:05
16461D86-4159-8964-57A7-81B91EEDC75C,placeratorci lacus vestibulum,2021-11-12 09:21:35,2021-11-10 21:35:02
F97A5FFB-7660-98D6-4EA0-A4883221265D,fames,2022-10-10 22:18:47,2022-09-14 09:34:29
D60FFBD7-5A17-28DD-BE81-156EE968EDDB,maurisMorbi non sapien,2023-03-14 02:58:49,2022-10-08 22:09:22
DB8E539C-BD68-926E-DCBA-B75C932158CC,enim nisl elementum,2022-02-25 21:27:39,2023-02-11 05:23:18
9429EB49-4814-7D52-A86F-3C39ED06E711,dui.,2023-05-21 22:14:50,2023-02-11 06:29:19
47A68151-DA2D-F61B-09CD-BC6D59AD5ED5,Sed eu,2022-12-14 21:14:38,2021-12-03 14:35:04
3D01E3E6-76BE-B416-AA5F-9E8B75CBC63C,justo eu arcu.,2021-08-04 00:38:04,2023-03-23 09:12:15
A62022DA-7BA6-186A-112A-2A36C66C446E,tempor arcuVestibulum ut eros,2023-04-06 14:10:43,2022-03-15 14:38:59
665D1013-E6C9-CA44-2AD2-5FF3C6FCC5D2,interdumSed,2023-02-01 13:43:23,2022-05-23 22:06:19
1B44011D-FAD8-2175-DF34-D5DE92183B9B,Cum sociis natoque,2021-12-27 19:43:16,2021-09-24 08:00:29
63D4E317-A586-1977-E53E-411C1EF3289E,vestibulumMauris,2022-07-06 15:24:33,2022-08-11 14:54:19
930DD55A-3B63-E807-8B42-BAD275A09EEA,eget magnaSuspendisse,2022-12-03 14:20:13,2023-01-23 19:33:28
8B88EBEB-2A21-00CE-68AA-58016C5B8877,duiFusce,2023-06-10 11:24:59,2022-03-22 09:20:14
A2F1B525-48B2-B4AD-6C81-715E255A737B,nisi nibh lacinia orci,2022-05-22 18:53:21,2023-01-11 03:29:41
9B7D7D61-D598-3A32-2C34-42BCACC1DFCB,cursusInteger mollisInteger,2023-04-03 12:05:38,2022-04-03 03:25:20
0A769568-82A7-77BC-1445-8F95CFCE307C,in sodales elit erat,2022-07-10 14:34:51,2023-04-03 08:40:51
10237DA3-AB37-91BD-8C1A-65C029859FC3,semperNam tempor,2022-11-19 22:01:40,2022-09-09 01:32:54
ED25834B-A114-1032-5CC5-A364D7FC8D87,Cras eget nisi,2023-02-15 06:09:46,2022-09-01 10:59:27
79EDAACB-4EA0-C907-E6E9-A77E998A9AAA,nec tempus scelerisquelorem,2022-03-28 16:06:31,2022-10-01 21:39:19
35D7A02D-38C1-A95C-E14A-CEAA1C523E56,luctus sit,2021-10-08 16:49:18,2023-01-24 09:00:54
E7511633-638A-A6D1-75DC-3E8A3C1C0987,maurisSuspendisse aliquet,2022-05-21 02:52:04,2021-12-17 15:47:14
31C9289F-1AB5-26BE-9171-9B88D9B3E27D,Suspendisse aliquet,2021-09-12 15:55:09,2022-09-19 00:05:15
BECE7FC1-2BAB-D33B-83CD-E66E96FA8593,tellus id nunc interdum feugiat.,2023-02-14 00:09:04,2022-01-30 04:26:30
1E7626D2-EB46-9B29-7344-595D405E5E96,turpis vitae purus gravida,2022-11-03 04:59:02,2023-02-04 12:43:52
A88A1CBC-183F-ECA9-EE99-66B7DF53A4FA,mi felisadipiscing fringilla,2021-11-08 04:45:14,2022-11-06 22:34:13
AD3C869F-F290-2EAE-44A5-271A50B54C27,duiSuspendisse ac metus,2021-08-04 14:20:07,2022-10-10 11:07:40
A36AB8B3-38AC-13C9-957B-D28E26696B74,eleifend,2023-06-07 17:03:54,2021-08-30 08:23:18
119E3496-614E-DADA-93B4-33F5173794FD,luctus,2022-04-24 07:23:34,2023-06-29 05:18:22
D266BDEE-11BB-4774-CAD7-C5B43DC32BEB,et,2022-03-13 03:20:31,2022-03-18 20:12:11
C875E165-B962-A34B-3EF7-AE8EC529E1CB,etrutrum,2023-02-24 00:18:43,2023-01-03 17:06:46
418EAE59-579E-5CCA-AB6B-AF2E8AC2EB91,dapibus ligulaAliquam,2023-05-06 03:12:40,2021-11-12 07:11:42
B30CEE98-58FC-6EB5-35EB-F274D46659C2,lectus justo eu arcu.,2021-08-31 06:55:29,2023-04-21 06:58:46
9D28CD9E-B551-FE69-C118-856979CAC767,sed dictum,2021-09-25 03:21:34,2021-10-01 14:52:37
F8746D76-174D-1849-EE45-33A78E464AB4,Mauris nullaInteger urna.,2021-07-07 23:12:09,2022-02-27 03:18:40
6083AA6A-5CE2-37F6-AD39-CC68186D9BBD,nec tempus scelerisquelorem,2023-05-24 14:50:02,2023-02-04 03:18:14
2CF23341-468D-5411-1180-57A758093A67,porta elita feugiat,2023-04-18 12:31:41,2021-10-30 14:00:59
DD8CBEDA-2ABD-742F-1332-62EE5454F938,penatibus et magnis dis parturient,2022-11-08 09:18:18,2022-04-25 16:45:53
5BE18928-1B77-89B3-1988-7E08934AA79E,Mauris molestie,2022-10-31 11:12:35,2021-08-30 11:51:15
BECC86A7-3E5D-26AF-B451-5E0538BBC3C4,ultricesDuis,2022-04-27 14:35:43,2021-07-29 20:19:50
5F98FDC7-D1D3-CED5-3EDF-E618931BA2AF,lobortis quam,2021-09-12 22:02:42,2021-12-27 02:04:12
231BF023-265A-95ED-6F83-3F4A77B46955,ipsum porta elit,2022-03-25 21:32:36,2022-02-18 20:52:40
54A175E5-6228-6580-A77B-66E808CC6A8B,sodalesMauris blandit enim,2022-04-17 15:55:33,2022-12-29 18:39:33
F69CC11C-DC00-D5CF-C2BC-2C5CEE2B95CC,magnaUt,2022-04-04 21:09:46,2022-09-02 14:31:30
6D740372-55CA-C4C3-32BE-D5799C28561D,sodalesMauris blandit,2022-06-08 12:18:49,2021-12-20 06:24:01
10E3A6F1-31B8-EF62-2A6D-99F797BD62A2,sed leoCras vehicula,2022-03-21 22:52:45,2023-01-07 13:53:27
383497A9-69A9-C96D-546E-2158BDAA6682,malesuada fames,2022-07-20 21:59:25,2023-05-02 04:23:09
5212A78E-2635-75BC-6758-9738C262D0BA,In ornare sagittis felisDonec,2021-10-24 23:57:34,2023-03-03 04:33:56
99F6EA6E-8207-DCA1-8A6B-DD0B96E252A1,arcu.,2022-08-03 10:06:46,2022-12-16 14:41:09
69B9C3D2-D9DC-E597-D9FB-13E4CD1AED3A,eu enim.,2023-04-26 11:29:40,2023-04-18 04:53:32
C4EC2582-EA30-33B1-B1C4-AB93E4E2EA85,eratVivamus nisiMauris,2022-12-07 22:18:47,2023-04-20 08:06:42
D9897C12-CC65-1D2B-95E0-ED6899E501DF,euismod urnaNullam lobortis,2022-09-26 02:06:20,2021-11-08 01:26:30
74798D9D-7887-3B15-6391-63C23E711A93,egestasAliquam,2022-01-27 18:22:33,2023-04-25 00:27:38
BB8488F2-C7A8-3C6E-4F76-F9F8B9AC18BE,eratEtiam vestibulum massa,2023-03-22 04:32:08,2021-12-30 01:36:42
AD8A2A22-22DE-6CE0-3901-8822709CFD57,Pellentesque habitant morbi tristique senectus,2023-02-16 10:29:55,2022-01-19 19:49:07
4EC12A6D-E3E1-28C0-35AF-C912F721C96A,anteMaecenas,2021-12-20 02:15:53,2022-03-01 02:22:18
3E3D05D9-C4E1-DBD6-2FEA-886E86A8857A,loremluctus,2021-08-29 22:41:44,2023-01-09 23:06:45
06D980AA-6A12-1099-280E-CC6182759D25,erat semper rutrumFusce,2022-09-12 03:48:12,2022-09-10 10:17:03
67BCC82D-1A3B-F676-642B-05000A39C773,tristique,2021-11-08 06:08:03,2022-05-02 12:52:04
A83E8848-C217-71D6-A760-A28B069FBDD4,Nulla,2022-06-09 23:00:51,2022-06-15 02:47:55
DD3E3878-A373-8C09-83B0-686CDB5D6E9C,risusDuis a,2022-08-11 21:14:34,2022-12-03 15:05:54
37CF5C0E-CE26-9B7F-84FE-1AA2D6ABA52C,rutrum euultrices,2021-10-05 03:29:56,2023-06-29 13:08:32
62EEB264-68B0-8C10-D43E-5DC4D0D6BEFD,Donec,2022-09-15 16:44:10,2021-12-26 14:36:23
DAAA9B06-828D-5A01-166B-C662D95973A2,Nunc lectus pedeultrices,2021-11-08 16:48:17,2023-04-28 06:51:12
00546747-FFCE-3846-7202-97221E7BDF12,eu,2021-08-19 23:53:31,2021-12-28 00:57:50
2C5C1718-C504-3681-1B3D-08964191BDFF,Aliquam nislNulla eu neque,2023-06-15 16:49:56,2023-02-10 03:05:28
2CDBDC0A-B814-2A89-FFAA-8999C352CFC3,lacus.,2023-05-18 03:09:51,2021-09-17 06:01:52
46E9D329-6CC4-C121-6A6A-A8B884101EDA,felis purus ac,2021-08-09 04:16:38,2022-05-23 07:44:36
D0D6A595-2C65-10CA-E8D9-A173D64FA15E,egetipsumDonec sollicitudin adipiscing,2021-07-12 15:47:32,2022-05-11 14:07:01
1A84D3D2-A781-E759-BBCB-82021334BCED,malesuada,2023-01-24 12:57:17,2022-08-07 15:10:45
E93DC6B7-3213-8428-3716-277E98BEAEA3,risus quis,2022-01-04 23:11:43,2022-10-31 17:51:28
82DB3ACC-6551-EBA4-F8B9-A217E8C84E95,sapienCras dolor dolor,2022-10-07 17:57:34,2022-12-14 01:35:36
C09B0139-1F4D-4D6B-BD96-3672D5C51583,vel nisl.,2022-03-11 11:17:42,2021-10-02 19:24:00
20B818C3-179D-2229-47EE-9A556EAD32C2,lectus,2021-08-25 15:55:57,2022-02-13 20:28:09
31A04188-D4AC-E117-B308-BC4641E7845E,Sed congue,2022-10-20 06:09:51,2021-10-31 11:13:01
6C714E20-E9A6-1534-E118-916C6864FCE1,dolorFusce,2022-05-06 10:00:16,2022-11-13 01:20:54
A46578AA-D408-DE59-7DE2-90294764E38D,luctus lobortis.,2022-11-13 10:19:56,2022-04-16 19:02:40
54E37665-BDEA-310F-D75E-A10B7C6DCAC8,nunc nulla vulputate duinec,2021-07-12 04:07:35,2021-11-02 05:44:57
4D1CE33D-93E0-8104-56D6-FC5492892B19,tellus faucibus leo,2023-04-08 02:37:30,2023-03-31 13:09:38
157927CB-5844-227C-1111-684966473A10,semper eratin consectetuer,2022-02-02 02:33:32,2023-03-27 17:29:49
EBAA97CC-DD44-FD1A-CE79-A202DD85CB97,Proin dolorNulla,2023-06-15 02:37:30,2023-02-04 10:43:39
5CEC81C7-B564-ABFC-E3FA-96E7386EFC4A,arcu,2021-12-01 08:56:15,2022-11-26 05:12:23
46152278-2B80-2989-CE76-6D4D69E9F343,Quisque purus sapien,2022-01-04 13:19:50,2022-01-11 10:54:16
2B3F0084-C1E5-1B8B-41EA-FFAEC89A85C4,luctus,2022-10-23 03:30:57,2023-06-06 14:08:28
DA22BE2E-A09F-2523-2385-8CF1A967A376,Nunc lectus pede,2021-09-02 16:36:10,2021-10-26 09:42:34
4BD9D2AC-D413-9865-216A-3267FCEF3572,facilisis nonbibendum sedest.,2022-10-27 09:26:20,2023-05-29 19:39:13
B8751DAA-9549-7B75-1587-A3F01B9B5D9C,ligula consectetuer rhoncus.,2022-03-26 17:09:51,2021-08-15 04:25:20
1794EAE7-6527-CC34-433D-249F148D8EF3,lectus pede et,2022-02-09 12:24:39,2022-05-14 04:41:01
52EA4C18-739D-B58D-684C-2A55549727B5,volutpat,2023-02-02 13:46:55,2022-04-30 13:06:39
6E842F38-72C7-2A8D-AE48-896971BB7148,rutrumjustoPraesent luctusCurabitur,2022-06-08 15:49:53,2022-01-01 17:24:00
33C71307-7183-1DDC-5BB7-B1C46E4FB629,purus gravida sagittis.,2021-10-25 19:31:21,2022-11-29 16:12:46
9A0B3DAB-F625-CC4C-7322-2C391B8E2F21,ultrices posuere cubilia Curae,2022-09-28 20:03:44,2023-03-13 14:23:50
1D985547-7010-B724-1324-EAC1362C53D8,felis purus ac,2021-12-17 03:42:17,2023-04-22 20:47:05
E636E169-C4DF-0941-3254-65227BA92998,gravida molestie,2023-06-20 06:19:07,2023-01-29 09:04:05
3962D501-7428-2B2B-4207-3B7548533772,eueuismod acfermentum vel,2022-04-24 15:05:42,2023-01-17 01:33:16
C193D38A-9313-D7B5-42CC-192CB7422951,eu tellusPhasellus elit,2022-03-11 01:06:53,2023-04-15 17:08:53
94A9C40D-5262-E2BF-8ECC-24D444876DCE,enimgravida sit,2023-03-29 01:22:56,2023-01-20 00:21:34
C01C24CB-EEF5-5EB3-3811-1540D691CA46,odio vel est tempor,2023-05-17 18:35:50,2022-04-13 19:17:40
EB053D10-E13B-9E6D-4014-E46F86CCECA1,elitpellentesque,2022-01-14 08:23:33,2022-09-05 06:33:08
D3174381-2D5C-697E-BF29-72378452B10B,lacusQuisque imperdiet,2022-06-09 02:41:21,2021-12-13 19:04:08
86C6B729-5E64-DBE4-C337-8DD82C939604,massaInteger,2021-11-04 19:05:09,2022-06-06 04:15:32
AB6EDA57-F916-B19D-88A8-3C25641C7797,Vivamus rhoncusDonec,2022-03-02 13:22:01,2022-08-27 03:39:06
249C9987-7BAC-3B7B-66BC-4D588B058477,imperdiet dictum,2023-04-21 04:24:02,2023-04-23 05:06:31
4525190E-1A1A-2B23-EAB4-7ACCA24465A5,ipsum,2021-08-12 04:47:15,2022-11-24 19:42:52
83F096C8-3641-65A1-751D-1BC35C5A9FD5,pedeCras vulputate velit,2022-08-26 16:21:12,2022-03-21 02:41:39
1E5A237B-D0F8-4A16-8249-C1BA1571A79B,non enimMauris,2021-08-18 07:05:54,2021-10-03 20:48:00
D13E8A26-6422-7691-D489-EE1C084C11ED,velit eu semPellentesque ut,2022-03-30 07:22:56,2021-12-25 08:05:11
E73BA5C6-7658-3D7D-1EC3-AABFC14513E9,imperdiet,2022-08-01 10:19:47,2022-09-03 13:07:29
B8BAC169-C689-E6D4-8C4C-68EC3C1AFF82,quis lectusNullam suscipitest,2022-12-10 20:37:41,2023-01-05 01:36:42
79638008-8ABB-B45B-AF4F-0B6F1433BBA4,neccursus a,2023-02-04 03:41:12,2023-02-11 09:40:08
4B246BC9-9B7D-8DA6-EB85-4CADE9A2B8B2,risusDonec egestas.,2022-09-25 01:10:05,2023-06-25 21:42:28
D7C0D038-86CB-D9CA-1580-55221D562CD7,tellusPhasellus,2022-03-13 07:42:59,2021-12-14 04:59:43
293BAEEC-2BE5-96AC-3E4B-8EEEE23E1FDD,hendrerit idanteNunc mauris,2022-09-13 11:01:13,2023-03-10 23:29:51
80966851-06A8-B7A8-2169-64A3535CC7BD,justo faucibus lectus,2023-03-13 06:28:21,2021-09-22 21:32:47
A38713E6-C87C-2C0D-0424-730AAEEF3AC1,sem molestie,2022-01-09 19:45:07,2023-05-06 07:07:57
266BC9D2-D8A4-0DB6-D9EE-6DC6ACEC0774,vulputate euodioPhasellus at,2021-07-11 03:48:48,2022-12-24 11:10:18
3EA78535-C428-E9C2-1107-5EEBA2BF086B,fermentum metusAenean,2023-02-28 11:25:35,2023-04-28 07:40:00
284EA89B-10EA-817C-BC14-A3B0A4BCFAD3,arcuCurabitur ut odio,2023-01-01 16:50:29,2021-11-16 03:59:59
7538E33E-7B68-4563-99E7-A4D048AEFEC8,loremDonec elementum,2022-12-20 23:08:50,2023-05-04 03:38:04
0F79C9E9-EAA0-AA41-C75E-892B44B3082D,rhoncusDonec est.,2023-01-24 11:20:10,2023-01-27 06:18:14
4B3BFD7E-650A-E4AA-525B-6DB2475C7CBD,adipiscing lacusUt nec,2022-08-01 22:21:48,2021-08-27 19:54:45
8B39B3ED-BE09-CE7A-CDD6-6F952AD78163,vulputaterisus a ultricies,2022-06-16 07:44:48,2022-03-02 04:29:58
137F982C-686B-9C81-D257-535EF40C4565,auctor ullamcorpernisl,2023-04-24 23:58:05,2023-06-12 19:33:45
B55CAC0F-4DBE-A21A-FFE7-9CCFB81E6475,turpisNulla aliquetProin velit.,2022-07-29 18:54:22,2022-01-09 12:26:22
DE32E737-BDCC-9251-7F19-57444A8A2CE3,feugiatSed nec,2023-05-19 00:14:19,2023-03-08 09:01:59
B5C35959-4DAC-5202-9E95-B3FCCCD9E761,feugiatLorem ipsum dolor sit,2022-07-10 07:34:23,2023-04-12 04:00:42
756BEBBF-528C-D3EB-A2B6-FBECDF5C0EAC,Pellentesque tincidunt tempus risus.,2022-07-26 14:00:16,2023-05-02 15:55:07
77D41439-A71C-B7A4-6A2B-D913FBE62991,dis parturient,2021-11-30 08:29:14,2021-07-28 22:13:39
708FD4C6-BBC4-AC2D-5C3E-3493D9AA4575,et,2021-10-15 19:38:25,2021-12-20 13:28:37
AE51C7A2-2B8A-F40C-D6AD-DAC2B61B821A,fames ac turpis egestasFusce,2022-09-01 12:38:39,2023-06-16 17:53:30
B343AFEB-B38F-DE58-C17A-6A2FD95E9934,dolor vitae dolorDonec,2022-09-14 08:23:17,2021-12-11 15:13:41
2349B152-99E7-915A-1739-B939FCBD5DEE,semPellentesque ut,2023-06-22 12:16:14,2022-09-06 21:01:14
D966C3E0-E2D8-D518-0882-A1D19CEE89DF,fermentum arcu.,2023-06-25 20:29:54,2023-02-18 05:53:36
5A77EC27-6811-E794-BD9D-2204DC22389B,varius orci,2022-05-28 02:15:44,2021-08-28 03:26:40
6E2F73D6-E99B-622E-E4D0-1E16C3F9183D,cursus luctusipsum,2023-06-03 21:35:06,2022-09-01 18:29:46
3C954C88-A18E-B487-057A-D7B30C9EC121,nisi a,2022-07-27 03:37:26,2022-08-18 19:38:15
B37C6891-BA15-5469-8EF5-DD57E5CC6276,sed consequat auctornunc nulla,2022-09-14 19:22:53,2022-11-17 21:27:16
BACEE182-E8B3-4EE4-4D58-A2B52E0B4AF6,augue ut lacus.,2022-01-10 18:13:21,2021-09-11 22:05:41
4D3587C8-4C5A-4A76-6A24-1A5B7BC850D5,Morbi neque tellusimperdiet non,2021-12-26 21:11:52,2021-12-25 08:18:34
F8353A2D-657A-0B1E-839A-DEBFBC6913DC,lorem ac,2022-11-29 02:45:43,2021-11-09 18:11:54
B142D1FE-F323-4862-BD39-BE8C446A60D3,ac mattis,2023-02-18 07:28:39,2022-03-21 18:29:17
C389BAAB-1974-D219-DC72-EE6A205BC686,Nunc mauris elitdictum,2022-05-09 06:31:39,2022-06-23 08:27:45
A187C47A-A75E-CA73-8334-1137742EA53E,erat semper,2023-01-26 09:18:50,2022-08-26 15:10:02
E4E19718-D0CC-B975-D323-9B8AB8926BE6,eu tellusPhasellus elit,2022-06-19 06:45:58,2021-12-18 02:39:47
0C893BDD-A7A4-B560-30A3-FEA723E64DA8,aptent taciti sociosqu ad litora,2022-12-21 13:45:36,2023-06-26 21:10:20
E19CEB7E-05B8-AEC4-889C-68BD44AE91B9,Morbi non sapien molestie,2021-07-05 15:19:47,2021-11-18 21:07:27
21982BB2-1329-E5E2-78E4-9B6BBF8BAD48,Fusce aliquet magna,2023-03-22 15:33:06,2023-04-11 08:40:36
CAE87537-A71E-4808-7131-36916593AA11,eu elitNulla,2023-05-03 17:40:52,2021-08-07 23:20:12
B7C58334-92A2-EAC2-BF85-167F844777CC,ametdapibus,2022-12-01 03:51:09,2022-08-30 20:39:45
CCC69BCA-97A7-FE1C-3251-FBDCDD377C81,vel turpisAliquam,2022-05-26 06:50:52,2022-02-02 23:38:07
1D682132-363F-753E-78EC-ABC19D72754C,penatibus et magnis dis parturient,2022-01-12 20:08:35,2023-03-20 07:16:55
85FD919E-EB8D-7BFA-868A-874D4C1A6CCE,tincidunt vehicula risus.,2022-04-28 05:26:35,2022-01-08 13:57:13
2C96E19E-4D54-8ECC-5D30-5E328BA5C6A7,tincidunt vehicula risus.,2021-07-29 07:55:18,2021-08-25 04:22:21
DAEB3B6C-79EA-D72E-14E1-3C434F368D15,nulla magnamalesuada velconvallis,2022-04-10 20:53:30,2021-10-02 23:08:08
C502F499-BE27-EE2C-8433-CED77CBCCA12,massaMauris,2021-11-02 02:08:55,2022-01-05 09:06:07
F4253CF0-C5BC-4270-B13E-936B8FDEE7A4,In lorem.,2022-04-27 19:58:03,2022-08-07 15:39:38
953962D8-B513-252C-E51E-A0A344E4B1E4,rutrumjustoPraesent,2021-12-15 05:35:26,2022-09-03 10:42:30
5A5668E5-883E-4318-B9BC-4A6A554BA499,non,2022-11-02 01:35:55,2022-01-20 20:29:46
D5CA666B-B15C-11B9-33ED-5CE1C52584C9,Maecenas mi felisadipiscing,2021-07-15 08:44:49,2022-11-17 00:05:51
0ECCCD70-5A26-6C67-A819-6A88788DB75B,accumsan interdum libero,2022-01-29 12:46:23,2022-01-11 12:31:50
ACA877F9-CF56-68DD-997F-2E69D3A28236,sem magna,2022-03-24 18:57:58,2022-10-20 17:05:06
53304979-1828-3AEE-FC29-CEBFE1E2FA5A,molestie pharetra nibhAliquam,2022-09-18 20:34:25,2022-06-29 13:32:05
71F80DF3-74A4-9E7F-0D4E-DD45CA43DFD2,luctus vulputate,2022-01-22 02:29:39,2022-10-28 20:36:37
5C0EAB3A-3D65-6A32-10E5-3C4FD9C9338D,vitae semper egestas,2022-01-07 06:06:31,2023-04-25 18:49:11
48099364-E8C1-7AB9-4751-2D76C93CD1AC,magnaDuis dignissim,2023-06-09 15:08:33,2022-10-13 22:23:21
E14BF410-DB4E-B457-E741-E69B9165C6BE,etrutrum,2023-03-02 22:31:12,2022-05-03 17:15:21
2C677678-C58A-355A-E53A-03E1B6A1FC33,lobortisClass,2021-10-26 05:50:20,2021-08-20 04:16:14
BDAC581C-C427-528D-5E3E-CB0D53A9F1EA,eleifend vitaeeratVivamus,2022-11-23 16:02:00,2022-02-02 09:52:43
C4EB46E2-B0DC-8247-83D5-4C04EC21F70C,Etiam,2022-06-10 23:41:12,2021-09-11 11:55:57
32E89E98-B26B-B2A1-B3C8-5D8BDCBC1383,erat eget ipsumSuspendisse,2021-09-14 06:01:52,2021-07-22 18:20:41
79854316-7233-DE95-21DD-33AB0893445C,orci lobortis,2022-10-12 09:56:31,2023-05-19 15:55:42
DA6A645E-C94B-B0BA-9B98-650755B501D6,penatibus et magnis dis,2022-06-06 18:48:32,2022-01-08 01:48:07
4D0D326A-17DC-923D-C462-30F75C917289,mattisCras eget nisi dictum,2021-10-31 05:25:48,2022-10-25 14:56:30
BA94AEAE-D56D-C865-E099-5A3662D852CA,cursusNunc,2022-09-24 20:14:01,2022-10-17 21:20:18
C2BC8ABF-2BEC-D675-21B1-7CB7E9EB7321,lobortis tellus justo,2022-02-22 12:34:19,2021-09-10 05:50:54
182AB273-1B17-9C17-E399-23FCDE240886,ante blandit viverra.,2022-01-30 00:46:57,2021-09-03 15:54:25
75EDB9A7-E58E-C426-7E36-69DD02587E14,magnamalesuada vel,2022-12-14 09:29:48,2023-01-09 05:49:54
C20EA3F6-35EE-44F2-DD8A-7579412CBD88,ut cursus luctusipsum,2022-11-12 19:18:14,2021-11-14 04:33:54
582862E7-F9D7-81EC-7477-4941BC4C3C53,facilisis eget,2022-12-09 15:39:40,2022-02-15 11:11:30
ABEAD88E-16D2-4713-5073-110A77A9D0EE,Donec at,2023-05-04 07:23:34,2021-07-22 21:58:42
D7E56454-527F-8118-6AD4-EA78B61B64B9,sapien.,2021-09-21 04:54:55,2023-02-12 19:28:35
E593AA49-6582-C344-CA4C-DD29C24CAC9A,Ut tincidunt vehicula,2022-04-09 00:34:31,2023-06-05 08:12:31
C738919B-6359-9743-8CBC-A7516D866E8D,mus.,2022-02-11 11:13:30,2022-08-18 20:57:09
77967E88-732D-23B3-D161-6C75E8AC99DE,diamSed diam,2022-02-16 17:14:50,2022-01-29 18:47:38
C7564368-2425-CC5D-BEC1-67207BBE85C1,fermentum velmauris.,2021-12-21 01:07:44,2023-05-05 06:15:20
CE6BFB28-36D9-3690-92B3-1DCEFF38C7C3,faucibus ut,2022-04-25 14:39:01,2023-05-04 11:43:02
C0D4AE34-1BB7-0E9D-41F2-7E9A71E7CB12,interdum,2023-05-09 14:20:31,2022-12-15 01:43:28
801E2896-ACAB-3C58-021E-20EE44B70D5D,Donec temporest ac,2022-05-23 05:14:04,2022-09-09 12:54:55
6584B71C-365E-FD81-3620-5AA6C04FBCB4,anteMaecenas,2022-11-11 17:17:08,2022-07-16 15:47:50
77BB56A3-C8BC-810D-8D1E-7BE5D675F16C,cursusInteger mollisInteger tincidunt,2023-02-23 21:42:21,2022-04-27 19:56:50
06E117D1-DE75-A927-5D07-7894429F537F,varius ultricesmauris ipsum,2022-10-11 07:57:48,2022-12-15 18:47:44
83F74A5B-5479-DB67-2597-DD1BB42BC0E3,molestie tellusAenean egestas,2022-11-10 11:12:48,2022-12-24 00:45:23
D98CE8D4-3C34-BE51-BAE7-DAF970647703,mollis neccursus,2021-12-04 18:33:07,2022-04-17 10:50:36
CBC965DD-78F9-BEE6-E215-EC8D74ECA184,vel quam dignissim,2022-12-07 01:40:20,2021-08-24 10:03:17
B24B3A9A-B182-A083-BA50-B426C04FD9A6,Nam consequat,2021-10-20 19:21:01,2022-05-10 10:35:40
2B795224-9136-D719-5C28-A651B66C553A,non leoVivamus,2023-05-23 19:05:35,2022-11-11 22:11:15
96B4EADD-4A63-3D46-819D-E1B2EB903D92,ridiculus musAenean,2023-01-30 02:42:33,2021-11-13 16:05:10
FCCC5F49-FB53-BA76-6EC6-62DC9C6D56A3,mauris sagittis placerat.,2022-05-18 01:26:12,2022-11-19 10:43:08
54F6AE4A-C35C-A111-D666-BB6B22753986,sollicitudin commodo,2022-02-22 09:29:22,2023-03-05 01:52:29
D973B417-2F3C-8728-BD46-3283392E77D5,non massa non ante bibendum,2021-07-28 20:15:36,2022-07-28 17:09:07
1B7AB9CA-4CF0-98EF-A1C7-FE47838159C2,erat neque non quam.,2023-01-21 20:45:00,2022-12-25 16:42:34
9B6EB288-DA5E-F5C5-64ED-865CEE442B32,Cras lorem lorem,2022-03-06 00:09:48,2022-06-23 12:40:18
3C7FCD3D-0E7D-7431-E9C2-6ADD6AB215A0,Aliquam rutrum,2022-11-30 13:21:31,2022-10-13 00:39:11
AC75C949-A981-5C81-CCA8-16B546B967AD,tellusPhasellus elit pede,2023-01-11 23:36:25,2023-01-10 00:35:45
49FDE225-6853-BC41-3898-54D546CCCB8A,dui nec urna suscipit,2021-08-02 17:47:46,2021-12-12 12:48:15
B92BA6DC-9CEE-73A2-1A75-C5D6947915DC,amet lorem,2022-10-12 15:07:46,2023-02-08 21:04:38
613CE591-CB1F-F950-0A32-F87F346CA8F8,Donec luctus aliquet,2022-10-21 10:14:25,2023-03-04 18:07:01
7EAB4B9D-AB57-6A32-5A1E-355A9D17064E,consequat necmollis vitae,2022-04-01 05:40:05,2021-07-28 04:24:46
87E445B5-E742-3146-B73A-2612C64D1651,vehiculaPellentesque,2023-04-24 23:10:03,2022-11-27 00:11:52
E3184EA4-A777-A5D8-060F-EDDD89A55C67,aptent taciti sociosqu ad litora,2022-10-27 18:33:45,2021-08-07 12:13:48
1B39DE3B-CF37-6687-3A01-01C67D98F69B,pellentesqueSed dictum.,2023-01-22 06:15:56,2023-01-23 17:20:47
D2DBA662-748F-02E8-3B72-EDDDD211ACEF,urna,2022-10-16 08:02:43,2022-11-10 07:56:58
5DF91610-A1D8-7F1B-8355-B732F4D3B262,morbi,2022-05-07 11:08:28,2023-03-08 12:38:30
D8612DED-8226-DAD2-B5D7-9E4DFCCC18E3,imperdiet dictum,2022-12-17 21:27:16,2022-11-20 07:05:40
FC166D18-3E74-C98D-1CB3-B2BEDC7F6DDB,id magna,2022-06-24 04:25:38,2023-01-09 17:54:32
51F4EBB8-A963-9B00-B25C-294CBCF2B1C4,magna a nequeNullam,2021-09-22 09:46:28,2022-11-23 23:04:33
9E23A517-84D3-3904-0CDE-E5D0DC157CA4,nunc,2022-01-14 17:46:28,2023-04-08 02:12:14
AA83225A-9E20-E111-E956-6EDCA840D8C8,lectus ante dictum,2021-08-01 03:33:14,2022-12-10 12:55:22
54644B15-8B3C-0A3A-7B3D-5EFAB700D24F,Quisque,2022-09-10 00:21:21,2022-06-13 20:04:56
7868A312-8CE6-0C87-B700-686A5A9B0ACD,Suspendisse sagittis.,2022-08-16 15:11:38,2022-05-16 22:00:51
01578E19-7C37-5721-9A67-54E00727F966,ac facilisis facilisismagna tellus,2022-06-04 15:27:17,2022-10-13 14:03:58
D47E6F95-9F9D-2242-4648-B4EA46E057BC,risusMorbi metusVivamus,2021-08-27 17:13:31,2022-07-05 19:40:33
5D57288D-4169-87C6-5DCD-4BD6577E61B3,id sapienCras dolor,2023-06-05 21:32:01,2022-03-03 16:11:18
27B27180-9C8C-D424-0353-3EE48FE461C9,Sed eu eros.,2022-03-03 21:08:43,2022-01-16 18:44:51
A5D7CDAB-BB4C-2AAA-E624-BD71F1364607,luctus et ultrices posuere,2023-01-22 06:02:27,2022-08-16 04:13:50
01550D6D-9162-22F4-A817-E0BD2652661A,eget varius ultrices,2021-10-15 17:51:04,2022-04-02 16:44:19
23135D31-B5FE-DA9B-C627-8D5BCB9D20EA,Mauris eu turpis.,2023-03-09 07:18:51,2022-07-24 23:02:51
145D130C-DB4C-274D-AA95-6E7C7813C66B,enim consequat purusMaecenas,2023-05-14 01:51:24,2023-03-07 04:47:18
E83B53AE-E350-31D9-DCCC-78AB3CE546D3,sed dolorFusce mi,2023-03-25 05:34:15,2023-02-05 11:25:05
4404D921-D93F-9A12-EA4A-CB318CEF6EAB,Curabitur sed tortorInteger aliquam,2022-05-31 19:28:14,2023-03-31 23:40:21
46EEBD8D-5731-051C-B3EE-75162A731531,Integer sem elitpharetra,2022-09-23 03:30:55,2023-06-13 04:58:26
61E229C7-6944-7D94-7644-E668BB107C5E,Cras,2022-04-26 18:10:49,2023-01-19 20:56:44
DDA5F205-EFCB-6527-CF7B-1AEC2513486E,pretium etrutrum non,2023-02-04 09:32:47,2022-01-10 21:09:54
938DD948-BCAC-938E-197E-421A97E220CB,Suspendisse aliquet molestie tellus.,2021-07-31 14:49:26,2023-05-03 20:51:12
D612893C-A8BC-7A7D-7A20-9FD3877A1C12,tincidunt orci quis lectus.,2023-01-26 11:54:23,2021-11-02 22:10:45
3E9B271A-4BB5-8E69-76F8-93BF9627FC43,tristique senectus,2021-08-23 08:00:01,2021-10-24 01:43:36
3841E23B-9428-B88E-07A5-E1896E770BE5,Curabitur,2023-03-07 14:33:39,2022-11-29 14:52:37
3EE793EB-08D1-0BF2-CE06-19D6A58B44B1,risus quis diam,2023-05-15 16:36:34,2023-05-03 00:15:00
D1D3126A-4C93-BE16-2AB3-77C0386994B8,tincidunt congue turpisIn,2021-08-15 16:47:58,2023-01-22 17:12:26
53B8CE49-8BD9-D357-0D56-9D47E0FC7B95,sit amet,2021-10-16 16:35:33,2023-02-16 10:16:46
6CE5EE19-E350-683D-4238-A9863DD325BC,Mauris molestie pharetra nibhAliquam,2021-08-23 06:54:51,2021-11-17 06:52:45
48CBA36F-C738-D957-C7B6-5854E25B2479,at risusNunc ac sem,2022-05-14 22:49:52,2023-01-08 21:34:11
E1255C31-013D-298A-E449-7A5CFC8C4678,eu,2022-06-10 10:58:50,2022-02-06 17:39:46
A9C1E4EB-2E9D-B18D-8BFB-68D844531CC4,sit ametconsectetuer adipiscing elit.,2022-09-01 01:36:15,2022-07-30 04:28:32
6831B956-FB41-B84C-7738-5E890DC25029,dictum eu,2022-12-31 05:25:32,2022-03-09 23:22:41
8FE265E3-C214-2955-CD9B-EEA1CC3B674C,consectetuer adipiscing elit.,2021-10-07 10:42:47,2021-10-21 03:10:11
AFBA5404-BF3A-5589-E538-8D17C9DDC8D7,lectusa sollicitudin orci sem,2022-04-30 00:05:32,2023-03-26 22:04:40
34643237-46E2-19D7-6972-A7C3EFA76DE3,Nam interdum enim non,2022-09-28 22:04:19,2022-09-21 21:46:50
1715D2CB-1ADE-DFA9-C482-7483A06D8D97,Nullam enimSed nulla ante,2022-06-20 16:13:16,2023-04-26 01:20:48
C1E45CBF-BDB0-10D3-E3D4-34DADB108132,ridiculus musProin vel,2022-03-22 21:04:54,2021-12-13 03:19:07
1A1D15B2-A71B-1BA9-628C-2FD1851C5F3B,neque tellus,2023-05-07 10:03:49,2021-12-15 19:42:18
E174B335-9670-17B3-9AF6-D8239C1EE8D3,lacinia mattisInteger,2022-11-16 14:57:54,2021-07-04 16:31:17
0D317B68-4174-EC50-1C62-171942157EAE,Nunc maurisMorbi non,2022-07-25 17:58:49,2022-01-04 00:36:04
5B565E9A-71D8-6265-6723-1F8DC92C8FB4,magna a neque.,2022-07-04 10:36:44,2022-04-20 05:05:07
B4A686A5-A561-E49A-2635-568012C0178A,aliquetPhasellus fermentum,2022-03-29 15:16:41,2022-06-10 06:07:18
E115F509-18C4-ADD6-524A-1E5EA53F3BA7,nec enimNunc ut,2022-08-17 23:04:09,2021-10-12 16:16:00
3E0CF264-28D8-4989-A941-6BE7842CCD93,congue turpisIn,2022-07-22 09:42:55,2022-04-04 18:16:43
EE6EB797-7A7C-B792-95E7-3659F4A1CF9E,lobortis risusIn mi,2022-03-30 03:36:55,2022-12-03 00:16:43
275A784B-8BAF-241D-72A2-A4E8252625F6,loremsit amet,2022-02-21 09:55:44,2022-06-17 18:51:55
178BCEFF-79DC-7429-80DD-DEBD9E9EA12C,anteiaculis nec,2023-01-28 08:30:46,2022-01-27 22:59:22
8C59D3F5-4FDB-2110-2DDA-9E9F29853874,odio,2022-12-08 06:41:13,2021-08-06 06:04:01
5A6ACC91-7DCC-F459-7ABC-9A46BC1CE7C7,ultricies sem magna nec,2021-08-10 10:00:34,2022-06-23 13:28:17
4BF99E49-F7DC-7958-2304-5A675733B939,ridiculus musProin vel nisl.,2022-03-22 04:22:42,2022-08-13 15:56:37
EC0AC843-EE40-54EB-6C30-61544498868A,posuere vulputate,2022-09-06 06:43:27,2021-10-31 17:33:46
2CBC63AD-8FB3-C324-81C2-6778D0A576F2,Mauris,2022-09-20 10:13:01,2022-09-27 05:38:46
A11E7D5B-F6EA-2669-54E9-3675C861BF90,Nullam velit,2022-12-09 02:12:58,2022-12-24 09:33:06
E95A148A-F52D-D874-7E9F-26E4F26E18B3,penatibus et magnis dis,2022-02-27 21:54:18,2023-04-25 19:31:40
7E7659D1-0497-718E-FEE5-3A58BAD32358,rutrum lorem ac,2021-10-23 09:34:06,2023-03-17 07:25:49
8F889B0E-57D5-B752-47B2-710515854DCC,ipsum ac mi eleifend,2022-03-06 19:30:01,2022-07-22 10:05:42
63C1207E-B8B7-1616-7979-87C6D8B1C0C3,sit ametfaucibus ut,2023-06-30 00:51:30,2021-08-29 11:07:15
59BBA0F5-C7DD-A81B-8922-FAC8C422338B,sit amet risusDonec,2022-08-25 18:54:32,2022-11-14 19:41:55
8C2404BD-C0B2-2581-55A4-AF08C319EC4B,sem,2022-12-30 15:11:17,2022-01-08 19:20:11
A675145B-7DA2-5149-D214-BA7D713388B0,odioEtiam,2022-07-02 09:52:01,2022-09-06 16:16:01
B035EAFC-E88C-1810-E837-A7645B86FA95,adipiscing ligula.,2022-10-02 04:17:28,2021-07-18 12:47:38
763351DD-D4DA-4B9C-1812-B668A68E3CAA,orci,2022-02-17 11:49:33,2021-12-18 22:38:28
9165C330-5CF1-161B-854C-2E337A9D0CD5,Fusce,2022-01-04 14:34:50,2021-07-06 05:36:42
8E6B06CC-723D-EDD3-F3D5-8B4B8D163289,consectetuer,2022-05-19 01:14:43,2021-08-13 21:16:01
6EC9A8B5-EBB7-4C75-835E-4B66A1E3B79B,tortor nibh,2023-03-25 04:12:54,2022-10-01 20:36:40
F64C627C-1235-9994-02ED-7893E69D8654,porttitor interdumSed,2021-12-12 18:42:32,2023-01-13 23:10:00
962619C8-9BA6-1C14-1439-044333D34985,nascetur ridiculus musProin,2022-05-02 02:11:33,2022-07-30 19:08:35
8AE10105-B484-D4E8-8AD0-FE90942DEE13,Quisque nonummy ipsum,2022-02-03 07:18:46,2022-07-26 12:04:25
9BFB871E-B13E-BD22-5F4E-2A8C246E9A56,justoPraesent luctusCurabitur,2022-07-31 13:56:39,2023-03-07 09:47:11
D455E7DF-B728-185C-21DD-36E49FAA81C5,varius ultricesmauris ipsum,2022-12-16 05:13:36,2021-12-11 23:32:11
C9DCA3C1-0419-DA4D-A779-3843A6B2A3B8,eget mollis,2022-10-05 17:11:52,2022-06-25 02:31:45
5EA176B9-66C0-D9EA-0EB1-D70D97D073BF,lorem ipsum sodales,2022-12-02 11:05:50,2023-05-16 10:01:38
69E60979-5487-43A2-8E66-7A7AE986FF69,mattisInteger eu lacus.,2022-04-08 04:37:20,2022-09-20 19:40:49
124AD218-AF4E-A5C7-3DBB-5C6B2EF93FD8,arcuVestibulum,2023-05-03 05:04:38,2021-10-14 13:50:30
8913D1AA-184A-C139-9C52-87C45852C9EC,et magnis dis,2022-06-15 23:01:59,2021-09-14 16:10:34
871BBB56-A2C3-9BAA-2BE1-049F22375CC9,Morbi neque tellusimperdiet non,2022-10-01 02:08:41,2021-10-16 08:37:19
22BF72E1-E86B-B977-688B-B2A22BFC27E6,sollicitudin commodo ipsumSuspendisse,2023-05-16 21:27:45,2021-07-21 15:26:53
D2F3E73B-E2E2-C555-1D7A-9E5191211532,libero at auctor ullamcorper,2022-07-03 07:53:45,2023-05-17 01:58:56
B7B479E1-A73E-F43A-D331-2CE12EB7231D,Vivamus molestie,2023-01-02 03:54:51,2023-02-08 22:42:50
EA972A96-7649-F5D6-7A7B-F7A43A69F37D,dictum.,2022-10-04 13:48:35,2021-09-28 22:51:28
52ED5C56-C80F-BA9A-C1BA-4E6B2C045C53,eu,2021-10-17 06:39:36,2022-02-19 22:42:11
D9827F22-B6D9-BE67-B48D-535DF5E887BA,Nunc pulvinar arcu et,2021-11-30 19:52:49,2021-09-22 03:31:23
2611ED97-26E7-009B-ACD1-ABE182BEDD0B,sapien molestie,2023-03-07 08:18:06,2021-07-10 18:22:17
BAEBA087-455C-C013-C3C2-6899311013DF,ipsumSuspendisse sagittis.,2022-02-14 16:13:22,2022-03-19 13:52:50
49539DE2-98D9-2452-1A9F-5A5441402788,magnaSuspendisse tristique,2022-04-06 17:36:15,2022-10-09 11:25:49
C655923D-587A-E6B4-1773-DB4696467E68,arcu.,2022-04-27 15:18:48,2021-10-22 12:12:27
B99B902E-6D6E-1FDC-2BAE-9960334E33C9,ac urna.,2022-07-19 12:03:48,2022-04-04 15:51:06
E1A72067-30F9-8804-88ED-6A1BE1BEB86E,sociis natoque,2021-09-02 08:51:36,2022-08-21 18:19:08
73E96C1C-5203-B6D1-BBC4-DB292D89EAFC,nibh sit amet orci.,2022-05-25 18:34:51,2022-12-05 06:00:29
B9C793CD-5941-8AAE-F6C9-374B9857BE57,eu metusIn loremDonec,2021-08-25 20:06:16,2022-02-14 20:42:51
8E0D22C4-DA73-A008-BB78-4F6AABCEF475,auctorMauris,2021-10-02 20:24:58,2021-07-15 12:17:11
AC933860-B21E-C2BC-CCA2-A2E1D76B1B5D,ipsum primis in faucibus orci,2022-09-21 16:41:55,2022-12-14 07:38:11
A32DD069-97C7-1B3C-598C-4CD9A52D1BF3,fermentum metusAenean,2023-01-24 10:27:57,2023-05-18 17:28:06
75531B8E-0A36-7D2B-889C-8E8E50AAE334,pretium etrutrum,2023-06-05 09:32:46,2022-09-27 12:34:36
D86FBDB6-E426-B865-4C99-215AB82C3729,massaMauris vestibulumneque sed,2022-06-20 15:31:52,2021-10-16 11:40:25
3DBA4B08-CA41-7B67-43EC-8B619218843B,Duis elementum,2021-12-07 02:08:43,2022-05-13 02:32:31
8436F98F-D9FD-23ED-523A-D30EEA6B5649,quam quis diamPellentesque,2023-03-04 07:19:14,2021-12-30 09:19:56
A47A4653-DC56-C4DB-6597-BD051F841D3C,Proin vel,2023-01-26 06:29:06,2021-11-24 00:08:22
E9DB0AE3-B5F3-5CE5-9535-7C37894C8770,Duis gravidaPraesent,2023-06-18 23:00:02,2021-10-01 21:23:43
57181C2E-A75E-5526-5CE3-4EFEB5203D60,molestieSed id risus,2022-05-24 02:09:53,2022-01-13 05:38:50
11EB85DC-A3C4-9C4D-160A-921E9A60F121,Aenean gravida nunc,2023-01-14 09:29:14,2022-08-27 10:25:55
EC5C0233-9A8D-1CBE-C32B-ADCBB6D6845C,dignissim pharetra.,2022-03-23 05:37:05,2022-03-07 20:14:06
D800CD13-780D-B435-9ADB-729BE97DD115,dictum eu,2022-06-25 18:14:48,2022-01-18 09:48:06
6209E03C-2119-C088-A1B3-4DA7998CDDD0,laciniaSed congue,2021-09-18 10:14:20,2023-02-23 12:41:12
6E5BB84B-AD2E-176F-28C6-258C663D8715,aliquet odioEtiam,2022-07-09 01:48:38,2022-04-19 21:29:18
252A3157-CAD5-BB51-F1CF-FE32669BAC94,sollicitudin adipiscing ligulaAenean gravida,2022-10-05 06:20:38,2022-01-03 21:34:50
B6D17B25-06AA-0436-2AD5-0069E62ADE81,felis ullamcorper,2022-07-25 16:50:58,2023-06-22 22:02:21
882938AE-0014-611D-BFAB-1BB68CC7ADCD,interdum.,2022-06-06 17:01:08,2022-12-19 11:55:11
1C22F025-293D-C8F1-8AEE-35848A2F2E83,eu,2022-05-26 02:24:52,2021-10-12 03:52:23
A96E94C8-DACC-B5C2-6C6B-39A3F84CD171,sed liberoProin sed,2022-12-17 21:44:02,2022-05-23 10:18:03
46397DD1-C4C6-8B39-44DA-1E001B28D9FE,vel nisl.,2021-10-16 03:42:36,2022-03-27 16:36:00
475DE3A7-755C-2FF1-5275-8B9E51BBCBB8,vestibulum neceuismod in,2023-04-23 11:30:51,2021-08-12 23:07:36
631F1AFF-96B0-1D48-29D5-AC72720E1B32,lacinia vitaesodales atvelit.,2023-05-27 16:17:28,2021-11-20 10:01:59
3387D187-2703-B971-9ABB-CCEA7EAA878B,nec orciDonec nibh.,2023-01-11 12:13:29,2023-06-20 09:14:48
E50E702B-8EB7-6A15-D3B1-BBEB0E6B3A14,quam quis,2022-12-25 20:48:14,2022-06-21 03:16:02
4A924049-C99D-B452-74AF-F855A9E42DFA,augue malesuada malesuadaInteger id,2021-08-15 17:40:19,2023-02-02 10:20:07
2751A494-901A-646D-8693-218D3CB3FD1D,eteuismod etcommodo,2023-03-02 01:00:40,2023-04-07 19:42:45
CDBEE17E-DCD4-12BE-DD4A-02968198D386,Fusce aliquet magna a,2023-04-11 21:48:55,2021-12-02 15:03:25
3B593A22-9F8C-2C8C-DF75-B456191E432C,sociis natoque,2023-03-09 11:00:49,2021-08-28 05:38:47
1B3D7511-EA39-C209-CA1A-B47B6B477CE4,amet nullaDonec,2023-06-10 06:10:32,2021-09-07 22:03:26
D9D3E29A-2D3C-F7C7-E2B2-2EDAB5527D08,eget massaSuspendisse eleifendCras,2022-03-07 02:45:59,2022-02-04 03:19:41
CFCEDBE3-84FE-B6E3-CB8D-1F37682557E2,ut nisi a,2023-01-05 07:55:08,2023-04-11 09:07:36
488FE218-FCEB-BF44-E02C-A7AC9689A49B,nascetur ridiculus musAenean,2023-02-03 16:44:42,2022-08-18 14:23:59
6085046E-DA2D-3C31-0712-35C6B4241516,taciti sociosqu ad litora,2021-11-02 06:24:03,2021-12-07 21:30:46
4D7BEBE0-BF3C-17C7-57B1-1ED31D44AAB3,non ante,2022-07-19 17:29:58,2023-02-28 10:16:03
56632071-6168-7132-F388-4B623F12A88A,ante ipsum,2022-01-31 07:18:39,2022-06-29 17:19:43
6781C392-62E3-91E7-86DE-915E3EDE5937,Aenean eget magna.,2023-05-14 07:05:05,2023-02-12 18:28:53
861558A2-F3EB-0C62-A4D0-AD2CBED9DBDA,Donec est maurisrhoncus,2021-07-12 07:53:11,2022-03-01 15:17:02
82573F49-3DCC-361E-95C0-D2170AD42D2C,augue id ante,2022-07-11 10:24:11,2022-01-29 01:09:45
4FD45CD7-109E-EC67-9111-FF73CC3E5866,Aliquam adipiscing lobortis risusIn,2022-04-30 04:23:49,2023-06-17 22:41:53
F90C30C9-F5E7-D7F9-50D2-EED48DC4A5E6,auctorvelit eget,2022-09-28 06:22:04,2023-01-09 07:41:50
83B11359-BE2A-C911-D2A4-7A994ED74342,Aliquam,2023-04-30 22:44:35,2023-05-19 07:38:16
0487D627-1CA6-3666-50CA-49779DAA3439,necmollis vitaeposuere,2023-03-31 23:42:03,2021-09-09 19:45:55
B5D5B7BF-4E44-A692-B9B5-CB3E6F175141,Duis ac arcuNunc,2022-01-03 06:25:05,2022-04-01 10:02:38
57EBACDC-AEC8-B57B-84AD-EEAAA3463885,In mi pedenonummy,2022-01-11 07:47:52,2023-01-11 10:22:50
EA0E81EB-5D2D-C7EC-7CED-5996EEA3C2A5,maurisSuspendisse aliquet,2022-06-14 22:22:26,2023-03-06 04:30:37
9BD5CDB1-9409-E0CE-719F-5222C6ECB786,ipsum nunc,2021-08-11 23:15:00,2022-08-07 14:50:43
544D2713-F4CA-9CE4-6259-440060FEEBD5,pede ac urnaUt,2021-09-10 07:25:28,2022-10-24 06:59:02
B1DDBE8C-1163-1DE0-9ACF-CB0668A34318,sociis natoque penatibus et,2022-11-13 17:03:27,2023-04-14 14:18:12
7491C252-1514-DBD3-6278-5D980D4BBC9F,a purusDuis,2022-05-10 04:56:02,2023-06-18 02:36:55
CB5A4D8A-8E36-7266-DCD8-9529F15E9CD3,malesuada velconvallis,2021-10-06 08:13:56,2023-03-19 06:34:22
B336E774-798B-0C15-7351-8C399E264659,nonluctus sit,2023-03-25 07:31:12,2022-12-07 10:39:48
D7EE3E34-8DE6-E232-88A6-CF90EA75916B,nunc sed,2022-08-24 01:20:30,2022-04-17 04:31:35
A87FE6DE-8D37-BEDE-12E2-43721CB81AE1,hendreritDonec,2021-12-30 02:24:21,2021-11-01 13:48:24
956B72DB-820E-E64C-3A3A-16E4C0B8F5DF,Aliquam nislNulla eu neque,2021-07-23 22:16:25,2023-01-11 12:43:26
34A9B177-B042-DA86-3C7C-56A9C6A531A4,rutrumjustoPraesent luctusCurabitur,2021-12-14 22:33:01,2021-11-13 00:19:37
8B23311C-1AE1-782A-48B3-A3F650831628,etcommodo at,2022-04-01 15:20:27,2022-06-03 06:33:42
59F3C581-505D-5EF8-EEDA-4C627B67C9B3,Aliquam tincidunt,2022-08-03 15:59:32,2023-04-02 06:51:22
9F2E6DC1-906D-384C-73C5-6D75674A1D59,Cras sed leoCras,2022-04-01 19:18:45,2022-01-27 17:13:06
C37BD463-62DB-489B-F832-937CC3DE9C8A,erat volutpatNulla,2022-08-21 09:51:58,2023-06-23 02:05:32
CAA2A5CA-C72C-CECA-8436-365103A018D6,nunc sit amet metus.,2022-09-08 23:20:05,2023-04-23 09:45:13
D016EB96-8498-12A2-115C-2984571441B9,id nunc interdum,2023-04-14 13:16:23,2021-09-26 12:41:35
29468451-8796-68E7-DAC4-540ED31B8BF1,nequeSed eget lacus.,2022-03-17 07:21:14,2022-11-16 19:38:04
72230D1E-4337-4149-A7E5-7F18D32578B7,gravida nunc sed,2021-10-20 12:22:31,2022-06-05 08:03:11
37E91C44-227B-8B87-EB8D-B73CEDEFC8CD,risus.,2022-06-06 01:46:45,2023-02-11 18:14:26
5411B5B6-F10A-1F5B-AD63-82DB53EE3B40,laoreet,2022-11-15 16:49:33,2022-11-11 11:41:15
BA1D84B1-5756-4468-9DB5-21C4C587D95A,erat nonummy ultricies,2022-07-21 18:06:00,2022-09-23 20:09:08
EAD2AA87-1B15-C7EA-71BE-2FBD877E8CA7,laoreet posuere,2022-09-11 18:51:38,2022-10-10 13:12:04
9A525486-5CB3-7DA1-AECF-F332D7E6669A,purus sapiengravida nonsollicitudin,2022-08-25 01:45:07,2022-11-14 21:13:03
C9C3D8B0-CDB8-D65C-7C43-54E2A0A2D291,aliquetPhasellus,2021-12-10 10:07:02,2022-01-21 11:51:37
FEDDC114-9127-E8D1-24EA-8304BAA23798,et tristique,2021-10-25 17:35:43,2022-09-20 10:37:49
03BD7AC9-AF04-0445-C483-4A6C74B02AA8,sit amet luctus,2022-03-30 18:15:45,2023-05-01 18:46:39
13E55581-7BE9-515C-93F1-1866948C69E8,eu nulla,2022-01-17 21:56:23,2022-02-26 16:38:23
D67561C4-334E-A512-D1C7-3B1D8456BF1B,nonummy ultricies ornareelit,2023-06-07 05:34:45,2023-04-08 11:45:49
AC1ACB31-AB2B-92BE-EE8C-49BCF48A8DA7,nonfeugiat,2021-10-13 09:17:57,2023-06-08 12:54:52
8FE3595A-AD11-C7AD-16F1-D68553594819,Nulla eu neque,2023-04-10 01:37:43,2022-01-04 21:01:12
ADDCFF6D-E9D1-182D-C880-C545D7B66A82,massaMauris vestibulumneque,2022-11-19 11:38:09,2021-08-03 08:20:04
FC66C3DA-3C93-64D3-2D52-122E435D5F87,Curae Phasellus ornare.,2022-06-01 16:16:24,2023-04-12 02:17:56
4C4D8A26-9534-3FFB-4D30-995AC1E5914D,consequat auctor,2023-05-20 10:01:31,2023-03-14 18:32:02
D4AD86E8-B2EE-6525-EAED-37189333683B,malesuada ut,2022-12-10 11:29:03,2023-06-16 13:00:26
9B3FC62B-CDE6-BDD2-A623-466E22AAF9D3,ornare sagittis felisDonec,2022-09-14 19:01:42,2023-04-22 23:11:54
E8B29DA2-77F6-4973-D721-80EF12683612,ac arcuNunc mauris.,2023-05-21 09:11:01,2021-08-27 07:26:05
7AD5DC1A-2A2C-365B-DA08-E288AC2619EC,lectus justo,2021-12-13 20:24:27,2022-12-16 06:09:12
BAAEFD00-8D4E-8345-3C25-B691D43A9116,miDuis,2021-10-14 18:25:50,2022-08-04 13:00:53
6D3C98C4-D26D-8A04-5722-D0999D57583B,et,2022-08-23 11:21:56,2023-03-24 17:10:23
6B7901D5-A34B-5A3B-17AA-612421353397,Quisque ac libero nec,2022-02-23 16:37:36,2023-01-03 10:30:54
B1AC31D5-32AD-46FB-AC11-5D4C87E851AE,duiin sodales elit erat,2021-11-02 22:51:03,2021-08-07 21:40:56
B8631AFA-8402-9467-C322-A728DCFE568C,velvenenatis vel,2021-11-09 12:30:50,2023-06-17 02:08:33
4E286625-5225-73F2-4EE1-6D279B0778D5,egestasFusce aliquet,2022-06-13 18:46:01,2022-03-19 16:15:17
60CDC86D-7A64-6EC3-362B-DA9C7B08796C,sed duiFusce aliquamenim,2023-03-10 22:16:06,2022-05-06 11:42:24
21565964-B228-CAC5-E9B6-B9A13B4FB622,in molestie tortor nibh sit,2023-01-09 13:53:06,2021-07-05 09:18:41
607213EA-C7DA-E41E-C4D9-8DC8B9C7283D,luctus et ultrices posuere,2021-08-13 08:22:14,2021-08-10 03:55:57
E4C7C8E1-1E18-C49D-C974-2FB74AE5EBD2,ac mattis,2023-02-07 08:35:36,2021-12-27 23:55:57
32214046-2FDD-6E95-81FB-4BECA417236B,turpis nec,2022-11-25 10:53:38,2022-07-30 23:07:10
BD481C62-A5C8-3F46-4383-AB511EFF6C83,Sed,2022-06-13 23:41:04,2023-03-07 23:59:44
5ED3A1D4-9B18-7A35-1C24-678833F7A1D1,justoPraesent luctusCurabitur egestas,2022-12-21 09:41:53,2021-11-30 01:25:42
B6D05520-8688-AA9C-C66D-A42B7A989318,ascelerisque,2023-03-07 15:56:02,2021-08-06 14:54:20
19BEB698-5E37-87D7-5BCA-0191D11B4C5E,Sed nequeSed,2022-11-24 02:34:56,2021-10-16 20:45:08
97B22D5B-1B2C-2CDA-95F2-A6295EF67E4C,metus urna convallis erat,2022-12-20 20:54:59,2021-07-16 21:26:55
A6C0B0F7-B11A-06E8-658B-F9B773B7B23E,eu,2022-08-29 17:23:31,2021-08-17 07:50:23
A7F0EBA1-7436-6437-0B2D-87A932623EB6,Proin vel arcu eu,2021-08-01 13:46:08,2022-08-02 07:36:26
50F47F2B-F9D3-A4DE-87B9-8C737244F066,nequeSed,2022-10-10 17:45:25,2022-01-20 13:40:22
AD11D76D-E39A-9C26-3178-38AB783A78A3,nonlacinia atiaculis,2022-06-06 01:22:37,2023-01-09 06:37:20
3414370C-9E94-DFD9-1EED-0487C776045A,ligulaDonec,2022-01-25 06:58:09,2022-12-01 14:23:59
1C21EF14-D992-6A92-7815-4DC1641D73D4,tempor diam dictum,2022-05-11 13:39:37,2023-03-10 12:13:59
53676A4E-92CE-6D17-7C8E-C5B6A21E6F48,arcuVestibulum ante ipsum primis,2021-07-31 11:25:35,2021-11-28 00:15:47
2C22846F-4075-88A9-68F7-5BC764A0CECF,enim nec tempus,2021-11-19 08:36:27,2022-02-23 15:32:14
AC179B73-ABE6-885D-99B1-1ADBE1EEFC71,ut nisi a,2023-06-22 08:05:46,2022-01-05 15:14:37
EFD1DD38-6C70-BA82-11F8-CCAB20972259,adipiscing elitAliquam auctorvelit,2023-01-29 15:08:26,2022-12-24 23:24:37
568E987D-3984-11BE-5E2E-4C98F54CC5CF,velit egestas laciniaSed,2022-10-17 19:32:18,2021-12-28 01:34:13
C9D3907C-8052-478D-4E2D-D6FB973C98F9,adipiscing lacusUt nec urna,2022-11-16 09:49:59,2022-06-26 07:32:44
845A84EE-C814-BBA3-5286-0959B942461C,Praesent,2022-10-13 04:32:53,2022-08-11 03:07:05
AD4C9DA2-1B32-75FF-A899-666CB1D823DF,neque non,2022-12-11 20:04:06,2021-11-05 19:15:05
A9B6B53D-30AE-5347-A6A3-D94BD645AB11,eu,2022-07-01 14:05:41,2023-05-02 18:20:49
C7FF8C82-D5B6-56E6-3B24-1A5C99B55E89,dapibus id,2022-03-31 22:51:33,2022-08-23 19:23:38
9284C288-C4EB-316D-7CAB-7899ADF9AA89,sollicitudin amalesuada id,2021-12-18 16:56:17,2023-02-02 06:02:50
7B97E884-8BD6-422B-DC38-2BC75CCD9D93,Pellentesque ultricies dignissim lacusAliquam,2021-12-26 01:12:03,2022-06-17 03:50:09
12A486CC-765C-81C1-B358-B4C01DB8669A,enim.,2022-07-16 18:22:28,2023-06-03 11:00:20
919DB8DD-0E8E-8615-DAC5-AE96C7934822,quis diam,2023-04-06 22:56:42,2021-10-28 13:58:05
D92746FD-F2AE-372D-98A5-111C5B54649C,dui nec,2023-04-10 03:26:29,2023-02-04 04:21:28
F2EB9A05-E9A9-5BE5-4460-512591A6C23B,Sed,2023-06-15 07:14:22,2023-01-22 02:04:01
437E9498-EEC7-7842-A23A-44C6C9C1A6FB,egestas.,2022-06-18 02:21:59,2021-11-25 23:33:42
DBDC614A-16E2-6E1A-2CC4-3720ED556929,Sed auctor odio,2022-12-24 23:59:33,2022-11-18 14:14:21
D048C63A-C522-BCFB-62F1-FBCD2736DD6B,euismod enimEtiam gravida,2021-12-19 01:52:32,2021-08-22 23:34:59
1A9EC973-9232-6E3C-4C69-59669AE1358A,maurisSuspendisse aliquet molestie tellus.,2022-02-24 11:23:27,2022-10-16 01:23:53
F9B56AA6-E570-A7CB-8C7E-B8B79A3EE03C,rutrum eu,2023-05-30 16:04:35,2023-04-13 13:48:09
26779945-C473-7348-83A8-68AE49A33E3C,at lacus.,2022-01-07 16:13:00,2021-08-08 00:08:09
D39EF2CC-6D28-4AAC-051D-3FC18DF65E85,utsemNulla interdum.,2022-01-21 19:58:21,2023-03-03 02:17:39
8DDB2422-E729-CEDB-F016-62A8C0DE4E12,enimcondimentum egetvolutpat,2021-08-10 15:57:11,2022-07-03 05:44:55
98DFB755-897B-182E-45C8-6A6876FCE55E,purus sapien,2022-10-21 01:06:43,2023-05-15 00:35:27
C376F24B-EFA3-B9C6-E68C-D00BB50E6133,ipsumSuspendisse,2023-05-26 12:54:57,2022-07-18 02:31:31
E3AA3DE7-7930-81B1-E763-08F36F98272B,vestibulum neceuismod in,2022-08-14 16:17:55,2022-11-26 03:51:22
4C3C5B87-B566-28A2-C3DD-4D198CECD4C0,leoCras vehicula,2021-07-06 18:35:21,2022-03-07 15:51:29
7D16A485-955D-3FA3-FB9F-232FAC267376,aduiCras pellentesque.,2023-06-07 03:22:01,2023-03-31 10:56:11
95FBE09F-4DE5-5EC7-153D-6D6C03B09B56,justoProin non,2022-02-03 04:26:32,2022-11-05 03:27:44
9F818986-2922-9532-311A-B1D2771408CA,ridiculus musAenean,2022-10-30 08:58:38,2022-12-25 09:34:58
6D756404-3C32-59AA-571E-4A811C0FB138,eleifendCras sed leoCras,2022-03-03 20:02:23,2021-09-21 14:31:07
6ECBA9B8-CC97-EB85-BAAC-FAD9A142B768,eget ipsumSuspendisse,2023-06-06 12:46:28,2022-01-28 13:54:34
8D45769B-45F5-66AB-0F87-077C1E851D42,Donec dignissim,2022-05-12 00:39:25,2022-11-24 22:48:52
2AF95D40-7E53-C30E-11CA-361708556036,sagittis augue,2022-12-22 03:53:39,2023-01-27 19:09:09
D1EEF6CC-1348-CA5E-12ED-5022CCA6A329,estNunc laoreet lectus,2022-10-27 04:35:24,2022-06-22 11:36:21
C5C136A5-11AD-9B95-47CE-C24CC53DF3ED,tortor nibh sit,2022-06-03 19:10:15,2022-10-05 14:49:57
B8DCC7DC-9A3A-839A-D838-AF3607649B51,sagittis.,2021-07-05 11:04:20,2022-09-16 07:18:44
334ADDE0-D7DD-9867-A18A-A90CC1029D32,tincidunt pede,2023-02-18 15:15:04,2023-03-30 16:40:14
9B3E98B7-0243-C331-2158-199604D1B939,Donec vitae erat vel pede,2022-06-06 11:37:08,2022-06-25 17:59:56
6BBA0DE4-A61D-6DA0-2D23-2AED37019F38,eratSed nunc,2021-07-31 19:56:16,2022-05-14 19:28:28
414A4CB0-D4B4-A5B3-3505-7278F7E1CDE2,fringilla cursus,2021-12-28 14:03:59,2022-06-04 19:44:45
88B7BC0B-8753-D532-982A-E742BDA0E113,vel pede blandit,2022-10-19 19:47:55,2021-10-06 11:14:11
182597C1-45CA-7B8D-1EAD-521D354EBEDB,augueSed molestieSed,2022-11-20 01:56:41,2021-07-16 10:24:45
BE3B044B-BF2C-06E5-D12A-7F5987C3AE34,sem ut cursus luctus,2022-04-26 05:43:48,2022-06-30 10:47:44
EDD24E7D-5DBE-34F1-9445-651B58E52717,in consectetuer ipsum nunc,2022-11-13 23:34:27,2023-03-12 04:18:59
322A7CA6-4666-F684-3BC5-2EA4E14A5697,turpisIn condimentumDonec,2021-12-02 00:16:19,2021-08-21 23:27:47
D93F7A42-BB14-8E7B-57AE-728ADD154527,porttitor tellus non magna.,2023-04-10 04:04:32,2022-08-10 09:56:55
F9BE9DB9-6876-BCF8-5684-B27B8B48C6C9,metusAenean,2021-07-12 19:38:29,2022-07-12 04:57:07
927ED7AD-3A82-CAB3-1D5F-3D81E4AD3B0E,est,2023-01-09 07:37:16,2023-03-25 18:02:58
86C9FC58-B547-A174-467D-095E865A6B58,amet diam eu,2023-01-22 09:32:29,2022-10-12 13:14:01
2C6A77EC-BBB9-B7D1-35E5-49F47EDA8519,Proin,2023-01-30 17:03:13,2023-02-01 22:06:48
324FC8B9-91E2-2965-A577-C4A7CD8833DE,risusQuisque,2021-12-14 21:16:29,2023-03-24 22:47:17
3927474D-155E-7921-DA89-7588EE47C004,fames ac turpis egestasAliquam,2022-07-29 04:24:33,2022-12-04 12:11:01
D445214A-DE0B-A4A6-CCA3-35DCD1884960,cursus purusNullam,2022-06-26 22:02:03,2022-08-12 14:01:34
8B64D351-E804-51BB-39AF-5B14F2356C36,sedhendrerit,2021-07-07 05:32:43,2022-03-21 18:58:46
789D5A15-3B14-A83B-B815-C183E3727137,elit.,2021-12-29 01:33:58,2022-12-10 06:27:28
D05DBE3F-E6EC-FB52-8187-61B1686C996A,Mauris nullaInteger urna.,2021-10-25 16:00:24,2021-08-07 17:47:34
28AA9822-E553-2B6C-3CA5-1D17129DE81C,in consectetuer ipsum nunc,2022-09-22 21:13:34,2021-11-19 20:23:25